Date,Sessions,Users,Goal_Completions
2026-01-01,60,59,7
2026-01-02,50,50,4
2026-01-03,55,53,2
2026-01-04,57,57,3
2026-01-05,40,40,5
2026-01-06,54,54,3
2026-01-07,52,52,5
2026-01-08,62,62,11
2026-01-09,56,55,2
2026-01-10,70,70,8
2026-01-11,31,31,3
2026-01-12,55,55,2
2026-01-13,64,64,9
2026-01-14,62,62,8
2026-01-15,84,84,9
2026-01-16,61,60,5
2026-01-17,64,64,7
2026-01-18,55,55,6
2026-01-19,65,64,7
2026-01-20,59,59,7
2026-01-21,64,64,6
2026-01-22,56,55,5
2026-01-23,58,58,3
2026-01-24,55,55,9
2026-01-25,59,59,3
2026-01-26,64,63,8
2026-01-27,48,47,5
2026-01-28,45,45,6
2026-01-29,54,54,7
2026-01-30,58,56,3
2026-01-31,70,70,9
2026-02-01,55,55,5
2026-02-02,51,51,6
2026-02-03,60,60,2
2026-02-04,39,38,5
2026-02-05,52,52,7
2026-02-06,58,56,8
2026-02-07,66,65,8
2026-02-08,47,47,3
2026-02-09,45,45,4
2026-02-10,50,50,9
2026-02-11,53,52,9
2026-02-12,50,49,4
2026-02-13,52,52,4
2026-02-14,52,52,8
2026-02-15,61,61,4
2026-02-16,59,59,4
2026-02-17,68,67,6
2026-02-18,44,44,5
2026-02-19,53,53,7
2026-02-20,67,67,3
2026-02-21,72,72,9
2026-02-22,58,58,5
2026-02-23,57,57,4
2026-02-24,54,54,5
2026-02-25,58,58,6
2026-02-26,59,57,8
2026-02-27,47,47,5
2026-02-28,46,46,1
2026-03-01,52,52,5
2026-03-02,56,56,5
2026-03-03,60,60,7
2026-03-04,50,50,8
2026-03-05,53,52,8
2026-03-06,67,67,3
2026-03-07,51,51,5
2026-03-08,52,52,10
2026-03-09,58,58,6
2026-03-10,65,65,7
2026-03-11,50,48,6
2026-03-12,55,55,8
2026-03-13,67,66,5
2026-03-14,54,54,7
2026-03-15,61,61,7
2026-03-16,52,51,9
2026-03-17,48,48,9
2026-03-18,77,77,6
2026-03-19,60,59,8
2026-03-20,59,58,4
2026-03-21,60,60,9
2026-03-22,65,65,10
2026-03-23,55,55,7
2026-03-24,52,52,9
2026-03-25,56,56,5
2026-03-26,48,48,5
2026-03-27,69,69,9
2026-03-28,70,69,7
2026-03-29,56,56,6
2026-03-30,55,55,8
2026-03-31,52,52,4
2026-04-01,48,48,1
2026-04-02,49,49,4
2026-04-03,55,55,6
2026-04-04,52,52,4
2026-04-05,58,57,7
2026-04-06,51,51,2
2026-04-07,58,58,6
2026-04-08,36,36,5
2026-04-09,42,42,2
2026-04-10,50,50,6
2026-04-11,51,51,5
2026-04-12,48,48,8
2026-04-13,53,53,9
2026-04-14,54,53,7
2026-04-15,65,65,5
2026-04-16,56,56,6
2026-04-17,61,61,5
2026-04-18,49,49,6
2026-04-19,53,53,7
2026-04-20,52,52,7
2026-04-21,56,56,5
2026-04-22,67,67,7
2026-04-23,68,68,3
2026-04-24,47,47,6
2026-04-25,57,57,4
2026-04-26,53,52,6
2026-04-27,55,55,4
2026-04-28,52,52,6
2026-04-29,50,50,5
2026-04-30,62,62,2
2026-05-01,48,48,4
2026-05-02,56,56,5
2026-05-03,60,60,9
2026-05-04,46,46,3
2026-05-05,65,65,6
2026-05-06,51,50,5
2026-05-07,50,50,3
2026-05-08,59,59,5
2026-05-09,48,48,3
2026-05-10,49,47,6
2026-05-11,70,70,11
2026-05-12,47,47,8
2026-05-13,56,56,7
2026-05-14,65,65,5
2026-05-15,51,51,5
2026-05-16,53,53,7
2026-05-17,59,59,8
2026-05-18,56,56,7
2026-05-19,44,44,7
2026-05-20,44,44,6
2026-05-21,58,58,7
2026-05-22,57,57,5
2026-05-23,56,56,6
2026-05-24,43,43,3
2026-05-25,65,64,7
2026-05-26,63,61,7
2026-05-27,59,59,9
2026-05-28,48,48,7
2026-05-29,68,68,7
2026-05-30,43,42,7
2026-05-31,48,48,3
2026-06-01,59,58,3
2026-06-02,39,39,4
2026-06-03,55,55,9
2026-06-04,60,60,9
2026-06-05,59,59,8
2026-06-06,53,52,5
2026-06-07,52,52,7
2026-06-08,50,50,6
2026-06-09,45,45,1
2026-06-10,60,60,6
2026-06-11,49,49,6
2026-06-12,55,54,4
2026-06-13,56,56,6
2026-06-14,53,53,8
2026-06-15,53,53,6
2026-06-16,55,55,7
2026-06-17,53,53,6
2026-06-18,44,44,4
2026-06-19,43,43,4
2026-06-20,49,49,6
2026-06-21,78,78,14
2026-06-22,51,51,4
2026-06-23,41,41,4
2026-06-24,57,57,6
2026-06-25,61,60,8
2026-06-26,46,46,4
2026-06-27,61,61,6
2026-06-28,49,49,4
2026-06-29,63,63,4
2026-06-30,53,53,5
